<?xml version="1.0" encoding="utf-8"?>
<extension type="module" version="3.1" client="site" method="upgrade">
    <name>mod_wsnavigator</name>
    <author>Joomla! Project</author>
    <creationDate>April 2015</creationDate>
    <copyright>Copyright (C) 2015 Wolfgang Spies.</copyright>
    <license></license>
    <authorEmail>w.spies@live.de</authorEmail>
    <authorUrl></authorUrl>
    <version>3.0.0</version>
    <description>MOD_WSNAVIGATOR_XML_DESCRIPTION</description>
    <files>
        <filename module="mod_wsnavigator">mod_wsnavigator.php</filename>
        <folder>tmpl</folder>
        <filename>helper.php</filename>
        <filename>mod_wsnavigator.xml</filename>
    </files>
    <languages>
        <language tag="en-GB">en-GB.mod_wsnavigator.ini</language>
        <language tag="en-GB">en-GB.mod_wsnavigator.sys.ini</language>
        <language tag="de-DE">de-DE.mod_wsnavigator.ini</language>
        <language tag="de-DE">de-DE.mod_wsnavigator.sys.ini</language>
    </languages>
    <help key="JHELP_EXTENSIONS_MODULE_MANAGER_MENU" />
    <config>
        <fields name="params">
            <fieldset name="basic">
                <field
                    name="menutype"
                    type="menu"
                    label="MOD_WSNAVIGATOR_FIELD_MENUTYPE_LABEL"
                    description="MOD_WSNAVIGATOR_FIELD_MENUTYPE_DESC" />
                <field
                    name="base"
                    type="menuitem"
                    label="MOD_WSNAVIGATOR_FIELD_ACTIVE_LABEL"
                    description="MOD_WSNAVIGATOR_FIELD_ACTIVE_DESC"
                    >
                    <option value="">JCURRENT</option>
                </field>
                <field
                    name="startLevel"
                    type="list"
                    default="1"
                    label="MOD_WSNAVIGATOR_FIELD_STARTLEVEL_LABEL"
                    description="MOD_WSNAVIGATOR_FIELD_STARTLEVEL_DESC"
                >
                    <option value="1">J1</option>
                    <option value="2">J2</option>
                    <option value="3">J3</option>
                    <option value="4">J4</option>
                    <option value="5">J5</option>
                    <option value="6">J6</option>
                    <option value="7">J7</option>
                    <option value="8">J8</option>
                    <option value="9">J9</option>
                    <option value="10">J10</option>
                </field>

                <field
                    name="endLevel"
                    type="list"
                    default="0"
                    label="MOD_WSNAVIGATOR_FIELD_ENDLEVEL_LABEL"
                    description="MOD_WSNAVIGATOR_FIELD_ENDLEVEL_DESC"
                    >
                    <option value="0">JALL</option>
                    <option value="1">J1</option>
                    <option value="2">J2</option>
                    <option value="3">J3</option>
                    <option value="4">J4</option>
                    <option value="5">J5</option>
                    <option value="6">J6</option>
                    <option value="7">J7</option>
                    <option value="8">J8</option>
                    <option value="9">J9</option>
                    <option value="10">J10</option>
                </field>

                <field
                    name="showAllChildren"
                    type="radio"
                    class="btn-group btn-group-yesno"
                    default="1"
                    label="MOD_WSNAVIGATOR_FIELD_ALLCHILDREN_LABEL"
                    description="MOD_WSNAVIGATOR_FIELD_ALLCHILDREN_DESC">
                    <option value="1">JYES</option>
                    <option value="0">JNO</option>
                </field>

                <field
                    name="pretext"
                    type="textarea"
                    filter="safehtml"
                    cols="30"
                    rows="5"
                    label="MOD_WSNAVIGATOR_FIELD_PRE_TEXT_LABEL"
                    description="MOD_WSNAVIGATOR_FIELD_PRE_TEXT_DESC" />
                <field
                    name="posttext"
                    type="textarea"
                    filter="safehtml"
                    cols="30"
                    rows="5"
                    label="MOD_WSNAVIGATOR_FIELD_POST_TEXT_LABEL"
                    description="MOD_WSNAVIGATOR_FIELD_POST_TEXT_DESC" />
                <field
                    name="login"
                    type="menuitem"
                    disable="separator"
                    label="MOD_WSNAVIGATOR_FIELD_LOGIN_REDIRECTURL_LABEL"
                    description="MOD_WSNAVIGATOR_FIELD_LOGIN_REDIRECTURL_DESC" >
                    <option
                        value="">JDEFAULT</option>
                </field>
                <field
                    name="logout"
                    type="menuitem"
                    disable="separator"
                    label="MOD_WSNAVIGATOR_FIELD_LOGOUT_REDIRECTURL_LABEL"
                    description="MOD_WSNAVIGATOR_FIELD_LOGOUT_REDIRECTURL_DESC" >
                    <option
                        value="">JDEFAULT</option>
                </field>
                <field
                    name="greeting"
                    type="radio"
                    class="btn-group btn-group-yesno"
                    default="1"
                    label="MOD_WSNAVIGATOR_FIELD_GREETING_LABEL"
                    description="MOD_WSNAVIGATOR_FIELD_GREETING_DESC">
                    <option value="1">JYES</option>
                    <option value="0">JNO</option>
                </field>
                <field
                    name="name"
                    type="list"
                    default="0"
                    label="MOD_WSNAVIGATOR_FIELD_NAME_LABEL"
                    description="MOD_WSNAVIGATOR_FIELD_NAME_DESC">
                    <option
                        value="0">MOD_WSNAVIGATOR_VALUE_NAME</option>
                    <option
                        value="1">MOD_WSNAVIGATOR_VALUE_USERNAME</option>
                </field>
                <field
                    name="usesecure"
                    type="radio"
                    class="btn-group btn-group-yesno"
                    default="0"
                    label="MOD_WSNAVIGATOR_FIELD_USESECURE_LABEL"
                    description="MOD_WSNAVIGATOR_FIELD_USESECURE_DESC">
                    <option value="1">JYES</option>
                    <option value="0">JNO</option>
                </field>
                <field
                    name="usetext"
                    type="list"
                    default="0"
                    label="MOD_WSNAVIGATOR_FIELD_USETEXT_LABEL"
                    description="MOD_WSNAVIGATOR_FIELD_USETEXT_DESC">
                    <option
                        value="0">MOD_WSNAVIGATOR_VALUE_ICONS</option>
                    <option
                        value="1">MOD_WSNAVIGATOR_VALUE_TEXT</option>
                </field>
            </fieldset>

            <fieldset
                name="advanced">
                <field
                    name="tag_id"
                    type="text"
                    label="MOD_WSNAVIGATOR_FIELD_TAG_ID_LABEL"
                    description="MOD_MENU_FIELD_TAG_ID_DESC" />

                <field
                    name="class_sfx"
                    type="text"
                    label="MOD_WSNAVIGATOR_FIELD_CLASS_LABEL"
                    description="MOD_WSNAVIGATOR_FIELD_CLASS_DESC" />

                <field
                    name="window_open"
                    type="text"
                    label="MOD_MENU_FIELD_TARGET_LABEL"
                    description="MOD_MENU_FIELD_TARGET_DESC" />

                <field
                    name="layout"
                    type="modulelayout"
                    label="JFIELD_ALT_LAYOUT_LABEL"
                    description="JFIELD_ALT_MODULE_LAYOUT_DESC" />

                <field
                    name="moduleclass_sfx"
                    type="textarea" rows="3"
                    label="COM_MODULES_FIELD_MODULECLASS_SFX_LABEL"
                    description="COM_MODULES_FIELD_MODULECLASS_SFX_DESC" />

                <field
                    name="cache"
                    type="list"
                    default="1"
                    label="COM_MODULES_FIELD_CACHING_LABEL"
                    description="COM_MODULES_FIELD_CACHING_DESC">
                    <option
                        value="1">JGLOBAL_USE_GLOBAL</option>
                    <option
                        value="0">COM_MODULES_FIELD_VALUE_NOCACHING</option>
                </field>
                <field
                    name="cache_time"
                    type="text"
                    default="900"
                    label="COM_MODULES_FIELD_CACHE_TIME_LABEL"
                    description="COM_MODULES_FIELD_CACHE_TIME_DESC" />
                <field
                    name="cachemode"
                    type="hidden"
                    default="itemid">
                    <option
                        value="itemid"></option>
                </field>
            </fieldset>
        </fields>
    </config>
</extension>
